x,y,Depth,Depth_norm,TOC,TOC_norm,Vclay,Vclay_norm,Thickness,Thickness_norm,SW,SW_norm,Permeability,Permeability_norm,Porosity,Porosity_norm,qi,well_id
-94.11428571428571,32.618367346938776,-9302.576163975828,0.43419205465860927,3.683108142350824,0.2805180237251373,0.35344139169916183,0.17813797233053943,133.61248728850796,0.5574165819233865,0.3068911756075856,0.017227939018964113,0.28764912701947665,0.4691228175486916,0.048921541510536196,0.48202569184226995,363442.3139935776,1
-93.52448979591837,32.27142857142857,-8867.07244240644,0.28902414746881316,2.7155806674790703,0.11926344457984502,0.31292357979739355,0.043078599324645216,120.84392734889869,0.47229284899265794,0.44582154462377427,0.3645538615594357,0.2592756821474351,0.39818920536858776,0.04290439453241442,0.38173990887357356,271064.28832869773,2
-93.52448979591837,31.785714285714285,-9178.494389234804,0.3928314630782677,3.530949189993403,0.25515819833223385,0.3338677365655711,0.11289245521857043,106.22717961362315,0.37484786409082105,0.5360684052150619,0.5901710130376547,0.30805111289247966,0.5201277822311992,0.04908861272280994,0.4848102120468324,316847.7670246723,3
-93.80204081632652,32.75714285714286,-8889.546899005669,0.2965156330018896,2.910058762254998,0.15167646037583302,0.30961291535189334,0.03204305117297782,195.26266045882244,0.9684177363921497,0.34417489498763587,0.11043723746908975,0.3410984619376558,0.6027461548441395,0.055279855957119706,0.5879975992853285,388702.2278456998,4
-93.21224489795918,31.542857142857144,-8929.140150790558,0.3097133835968522,2.901275689320147,0.1502126148866911,0.31266721796472574,0.04222405988241916,106.07555377750528,0.37383702518336853,0.6466850553878649,0.8667126384696623,0.2295352555627429,0.3238381389068572,0.04259033244079069,0.3765055406798449,279612.59336488636,5
-92.93469387755103,31.993877551020407,-8396.102280035751,0.13203409334525024,2.6898066389137174,0.11496777315228626,0.3026149468834973,0.008716489611657857,132.4591109353414,0.5497274062356093,0.5153912715739263,0.5384781789348156,0.46629211093358836,0.9157302773339708,0.06889493675782496,0.8149156126304161,240776.15522493055,6
-92.93469387755103,32.618367346938776,-8139.533825663628,0.04651127522120917,2.446943386661088,0.07449056444351472,0.302254457371003,0.007514857903343245,123.32764201955791,0.48885094679705277,0.3824479540234096,0.20611988505852394,0.41933908039563894,0.7983477009890972,0.06415797717561979,0.7359662862603298,172196.17030105664,7
-94.21836734693878,31.92448979591837,-9972.088535345978,0.6573628451153257,5.763606135828823,0.6272676893048038,0.42916674424122636,0.4305558141374212,120.11688981431804,0.46744593209545365,0.3408346317360382,0.10208657934009549,0.4753936225186709,0.9384840562966771,0.06686525022197953,0.7810875036996588,494624.12295979494,8
-93.28163265306122,32.063265306122446,-8706.746530687402,0.23558217689580063,2.4497342224714123,0.07495570374523541,0.306432718068929,0.021442393563096757,149.60352359472012,0.6640234906314675,0.5192850354173726,0.5482125885434316,0.2987950231584434,0.4969875578961085,0.04842094804440941,0.4736824674068236,304651.67931777093,9
-94.56530612244897,31.646938775510204,-10601.692730333738,0.867230910111246,6.698639280661816,0.7831065467769692,0.327142202165275,0.09047400721758336,117.23712253619784,0.4482474835746523,0.35552500541941845,0.13881251354854607,0.4293180532968195,0.8232951332420487,0.05753910109982713,0.6256516849971188,504369.78205116023,10
-94.53061224489795,31.646938775510204,-10569.298630320758,0.8564328767735863,6.7721235724344115,0.7953539287390686,0.32401287874710283,0.08004292915700947,117.67098141280482,0.45113987608536543,0.35221082007481697,0.1305270501870425,0.4454157200680352,0.8635393001700878,0.0602064459677218,0.6701074327953634,499486.05283527944,11
-92.93469387755103,32.09795918367347,-8348.900848205882,0.11630028273529404,2.6408528387573886,0.10680880645956474,0.30249104187569814,0.008303472918993873,134.2618153803822,0.5617454358692147,0.48816911901886095,0.4704227975471523,0.46783941245890637,0.919598531147266,0.06970092865133279,0.8283488108555465,234300.66935741148,12
-93.35102040816327,32.51428571428571,-8542.724960833655,0.18090832027788523,2.118454644161968,0.019742440693661312,0.3037507577024393,0.01250252567479781,139.37475375898418,0.5958316917265611,0.42900825110120355,0.3225206277530089,0.26162818534084065,0.4040704633521016,0.04475394571281392,0.41256576188023203,250764.7142792306,13
-92.93469387755103,32.6530612244898,-8127.2896057086145,0.042429868569538114,2.442898897291321,0.07381648288188683,0.3022498673892227,0.0074995579640757155,122.68495044480812,0.4845663362987208,0.37771626634315114,0.19429066585787794,0.41750999385767196,0.79377498464418,0.06378234755877996,0.7297057926463326,168733.47860341638,14
-94.04489795918367,32.09795918367347,-9621.858288830874,0.5406194296102911,4.8440168489639195,0.47400280816065316,0.4209112219140854,0.40303740638028474,126.93949010478133,0.5129299340318755,0.3511942562003818,0.12798564050095448,0.3917949312767889,0.7294873281919723,0.06267589006906733,0.7112648344844557,452368.14088429656,15
-92.93469387755103,31.369387755102043,-8708.203484078756,0.2360678280262519,2.776918303679607,0.12948638394660114,0.3038271841494427,0.012757280498142367,116.00761836048441,0.4400507890698961,0.6827052166237371,0.9567630415593427,0.2738087797336013,0.4345219493340031,0.04323651213026454,0.38727520217107575,265593.27057891426,16
-94.56530612244897,32.02857142857143,-10217.216206971678,0.7390720689905591,5.092089791332788,0.5153482985554647,0.5520465764708222,0.8401552549027407,103.63365974604355,0.3575577316402903,0.3448900386959893,0.11222509673997319,0.2969030488082247,0.4922576220205618,0.03447442867466012,0.24124047791100206,567760.5773864159,17
-94.56530612244897,31.33469387755102,-10928.678345688106,0.9762261152293683,7.841623576665626,0.973603929444271,0.31976278056690416,0.0658759352230139,117.62015164810597,0.4508010109873732,0.3496868142747977,0.1242170356869943,0.3869011816961655,0.7172529542404138,0.06303517725442483,0.7172529542404138,546093.3341250152,18
-93.66326530612245,32.09795918367347,-9146.806626708978,0.38226887556965927,3.475213784671315,0.24586896411188586,0.33283183125046417,0.10943943750154733,121.6761977026246,0.4778413180174974,0.44327026474520437,0.358175661863011,0.3155196342222264,0.5387990855555659,0.04956732966166094,0.49278882769434895,326252.4149241718,19
-93.83673469387755,32.79183673469388,-8905.433834233427,0.30181127807780866,2.969960223381965,0.16166003723032749,0.3093536618628496,0.03117887287616548,196.17136717164618,0.9744757811443079,0.3382009629729141,0.09550240743228523,0.355998093698776,0.6399952342469398,0.058093658927833,0.6348943154638834,392675.00477104355,20
-93.35102040816327,32.30612244897959,-8650.483630632485,0.21682787687749505,2.290487419782516,0.04841456996375266,0.3054640236091927,0.018213412030642407,140.87888803642306,0.6058592535761539,0.46415922922663133,0.4103980730665783,0.2571611848308568,0.3929029620771419,0.04464597407823816,0.4107662346373026,273262.6818823224,21
-93.52448979591837,32.583673469387755,-8689.505134114896,0.22983504470496516,2.364921959526414,0.060820326587735694,0.30592296131933894,0.019743204397796518,148.3300364352961,0.6555335762353074,0.40115470069182313,0.2528867517295578,0.27125740534654097,0.4281435133663525,0.043640197042271664,0.39400328403786106,282992.7176541016,22
-93.48979591836735,31.33469387755102,-9444.199174301777,0.4813997247672591,3.9377232127909907,0.32295386879849847,0.35757304139912494,0.19191013799708323,72.29074664462532,0.1486049776308354,0.6166249521329585,0.7915623803323962,0.12097060359963904,0.05242650899909757,0.025033968031227493,0.08389946718712489,311435.9634633186,23
-94.6,31.993877551020407,-10278.512321790433,0.759504107263478,5.120312446518102,0.5200520744196836,0.5342370184644514,0.7807900615481711,106.75626368333577,0.3783750912222385,0.35194328095782634,0.1298582023945659,0.28723676319484837,0.46809190798712097,0.03368815012842103,0.22813583547368385,569818.0863072411,24
-93.97551020408163,32.410204081632656,-9304.4581371426,0.43481937904753304,3.8622094288200435,0.3103682381366739,0.3689639050036213,0.22987968334540446,121.37710653553928,0.4758473769035952,0.3357703239257819,0.08942580981445467,0.2786678549656601,0.4466696374141502,0.05202619881410282,0.533769980235047,358679.58333868935,25
-94.56530612244897,31.681632653061225,-10565.850321615946,0.8552834405386487,6.55151804002614,0.7585863400043568,0.3380612686779686,0.12687089559322867,116.67319961722451,0.4444879974481634,0.35491308837703606,0.13728272094259011,0.42591597451364616,0.8147899362841152,0.05572796121131085,0.5954660201885142,504968.0628842943,26
-93.10816326530613,32.02857142857143,-8540.176662827067,0.18005888760902206,2.4123535318987575,0.0687255886497929,0.3036220786264625,0.01207359542154168,147.77717190396234,0.6518478126930822,0.5288972464630798,0.5722431161576994,0.35558801228167924,0.638970030704198,0.05827791551432886,0.6379652585721476,282944.1125473295,27
-93.7326530612245,32.79183673469388,-8797.243348090036,0.26574778269667876,2.7320316221421663,0.12200527035702773,0.3064629738584972,0.021543246194990644,199.02520267281082,0.9935013511520722,0.35415668785941734,0.13539171964854335,0.3564016501523365,0.6410041253808411,0.056773646767177194,0.6128941127862866,382326.069384938,28
-93.52448979591837,32.13265306122449,-8951.949369692547,0.31731645656418256,2.9225522042931917,0.153758700715532,0.31687390378361924,0.05624634594539741,121.99928886159998,0.4799952590773332,0.4697011152902841,0.4242527882257102,0.28778222053245417,0.4694555513311355,0.04449951910427489,0.40832531840458147,290833.6880103947,29
-94.42653061224489,32.96530612244898,-9318.64346418732,0.4395478213957733,3.179832632687119,0.19663877211451977,0.3150186716305829,0.05006223876860961,121.45729536242989,0.47638196908286595,0.32071188275365464,0.05177970688413657,0.3024582642997532,0.506145660749383,0.05222384842128294,0.5370641403547156,322431.9969571445,30
-93.52448979591837,32.20204081632653,-8909.074404213921,0.3030248014046402,2.81582860010598,0.13597143335099665,0.3148274649068836,0.049424883022945544,121.37394497797577,0.4758262998531718,0.4575097390272947,0.39377434756823676,0.2726123539865679,0.43153088496641967,0.043633882199483456,0.3938980366580576,280699.0284763229,31
-94.49591836734693,32.72244897959184,-9548.30283575898,0.5161009452529929,3.2387567848584684,0.20645946414307811,0.36561699921430446,0.21872333071434816,116.19471751836444,0.4412981167890963,0.31795473729537416,0.04488684323843547,0.19545077894855403,0.23862694737138507,0.032957006849748685,0.21595011416247806,369423.59272541135,32
-94.2530612244898,32.23673469387755,-9740.13630635244,0.5800454354508132,4.757775874361569,0.4596293123935948,0.5006245811518722,0.6687486038395741,87.80175518153314,0.25201170121022093,0.31629566401150727,0.04073916002876823,0.3376064422532902,0.5940161056332254,0.04945088597350076,0.490848099558346,445971.1434087936,33
-94.04489795918367,31.820408163265306,-9850.524793434208,0.6168415978114024,5.689553394243906,0.6149255657073177,0.38800398001580466,0.2933466000526822,150.58816532137593,0.6705877688091728,0.3806897439010697,0.2017243597526742,0.45872307944586477,0.8968076986146619,0.07502884859611943,0.9171474766019906,510039.24176722526,34
-93.31632653061224,31.785714285714285,-8910.192287782911,0.30339742926097035,2.859015429326068,0.1431692382210113,0.3137343476204398,0.04578115873479923,123.79492485752367,0.49196616571682444,0.5791242877575276,0.697810719393819,0.2904961846906037,0.4762404617265091,0.047330924141037595,0.4555154023506266,300977.2525618423,35
-93.80204081632652,32.89591836734694,-8811.132602988388,0.27037753432946227,2.8836876320062705,0.14728127200104504,0.3053341856401619,0.01778061880053963,194.31675627803196,0.9621117085202131,0.3443449168719494,0.11086229217987349,0.4030015717067029,0.7575039292667572,0.06727874774353877,0.7879791290589796,378971.5677466862,36
-94.46122448979591,32.79183673469388,-9470.265304305063,0.49008843476835423,3.2200601151786765,0.20334335252977945,0.3439444942206892,0.14648164740229724,118.97936184818165,0.45986241232121106,0.3145007726836251,0.036251931709062796,0.2325801295066614,0.33145032376665345,0.038272655943973576,0.30454426573289295,351071.67678329494,37
-93.45510204081633,31.369387755102043,-9369.492357378133,0.4564974524593773,3.7711781160916216,0.29519635268193695,0.3491991475859186,0.16399715861972858,72.84257457410071,0.1522838304940047,0.6243728911314496,0.8109322278286238,0.1349483204735898,0.08737080118397442,0.02782122052740124,0.13035367545668736,298838.17617363983,38
-94.42653061224489,32.54897959183673,-9638.032792880857,0.5460109309602857,3.747437047903602,0.29123950798393367,0.433007189574121,0.44335729858040346,106.25963010517826,0.3750642007011884,0.3102133435075571,0.025533358768892764,0.2052145928121632,0.26303648203040797,0.032356477158837084,0.2059412859806181,408986.3163854023,39
-93.87142857142857,31.508163265306123,-9874.438714004187,0.6248129046680622,5.777138166242333,0.6295230277070555,0.41568431735387096,0.3856143911795699,77.28914790154032,0.18192765267693545,0.4662943456840003,0.4157358642100008,0.2936457930875464,0.484114482718866,0.06546110819369312,0.7576851365615521,415890.60451816575,40
-94.2530612244898,31.993877551020407,-9949.705503057767,0.6499018343525891,5.5600105589399735,0.5933350931566623,0.4643180959249251,0.547726986416417,106.74212943584574,0.3782808629056383,0.3323275417721753,0.0808188544304382,0.45097012228404965,0.8774253057101241,0.06113286297865085,0.6855477163108474,489100.0831515152,41
-92.96938775510205,31.577551020408166,-8634.403274229318,0.21146775807643936,2.8000105954180032,0.13333509923633383,0.3038956098377415,0.012985366125805062,118.39788372310943,0.4559858914873962,0.6369148636946524,0.8422871592366311,0.3381958890545044,0.5954897226362609,0.05488020818250637,0.5813368030417728,259090.5925842796,42
-94.07959183673469,32.618367346938776,-9267.705778868656,0.42256859295621885,3.639641985397424,0.27327366423290395,0.348189003595049,0.16063001198349663,138.55329621762232,0.5903553081174822,0.3100483400680066,0.02512085017001648,0.2895629333041745,0.47390733326043616,0.049783290509651607,0.4963881751608601,364248.28915050474,43
-93.48979591836735,31.889795918367348,-9063.688609855897,0.35456286995196556,3.2132002623664677,0.20220004372774467,0.32347960267877834,0.07826534226259456,120.52504065884133,0.47016693772560886,0.5238544123956086,0.5596360309890216,0.31351544856302316,0.5337886214075578,0.047221622689618076,0.4536937114936346,315888.88404154556,44
-94.32244897959183,31.40408163265306,-10583.750843788403,0.8612502812628011,7.652386139790196,0.9420643566316994,0.3148419444753933,0.04947314825131109,117.96383238938137,0.4530922159292091,0.3590022271659704,0.147505567914926,0.40345455653859486,0.7586363913464872,0.07317687836473252,0.8862813060788753,502669.06535990816,45
-94.42653061224489,32.13265306122449,-10000.040957221858,0.6666803190739526,5.013511082743672,0.5022518471239453,0.5633657053187235,0.8778856843957454,90.88493039625135,0.27256620264167564,0.32436317388539376,0.06090793471348444,0.3335560397400862,0.5838900993502155,0.04080169419211888,0.3466949032019814,525198.7338198428,46
-94.07959183673469,31.751020408163267,-9954.63148590305,0.6515438286343498,6.022514012940275,0.6704190021567125,0.38072516944670864,0.26908389815569544,144.33710153799296,0.6289140102532863,0.3803197335092256,0.20079933377306403,0.4639249147709251,0.9098122869273128,0.07769553953339794,0.9615923255566325,510004.4957734804,47
-93.62857142857143,33.0,-8586.667641886283,0.19555588062876084,2.6310643696265545,0.10517739493775913,0.30279818199509206,0.009327273316973653,172.28804122537264,0.8152536081691509,0.37225260914540537,0.18063152286351342,0.440725484446743,0.8518137111168573,0.07745129671635205,0.9575216119392009,318248.5260846481,48
-94.53061224489795,31.577551020408166,-10640.627507782103,0.880209169260701,7.0537229554197864,0.8422871592366311,0.3101668090447087,0.03388936348236239,118.3122938897718,0.4554152925984786,0.35333403969453353,0.13333509923633383,0.44358099538890783,0.8589524884722695,0.06306379002688488,0.7177298337814147,502395.75264138007,49
-93.94081632653061,32.16734693877551,-9442.670137111672,0.4808900457038907,4.344887754408329,0.3908146257347214,0.3877830156079303,0.2926100520264345,132.2426254477478,0.548284169651652,0.365259696001157,0.16314924000289246,0.3445565789453503,0.6113914473633757,0.05891623193886662,0.6486038656477772,414887.0943171322,50
-93.38571428571429,31.33469387755102,-9293.716853429567,0.43123895114318916,3.480590248131021,0.24676504135517016,0.33665304171647087,0.12217680572156961,85.39812254614779,0.2359874836409852,0.6472286780024954,0.8680716950062385,0.1237917641324302,0.05947941033107549,0.02360861742464635,0.060143623744105874,302128.29247285734,51
-93.97551020408163,31.95918367346939,-9647.594779780982,0.5491982599269943,5.031168165650852,0.5051946942751421,0.3926935050370144,0.3089783501233814,150.9697764220729,0.6731318428138193,0.38098945613457336,0.20247364033643336,0.4229624976311156,0.8074062440777889,0.06804358356928789,0.8007263928214648,483233.1562517406,52
-93.7326530612245,32.23673469387755,-9139.247337650146,0.3797491125500486,3.4611030287311495,0.2435171714551916,0.33636742445376083,0.12122474817920283,121.7052931632141,0.4780352877547607,0.4056749149094619,0.26418728727365476,0.2873768532191231,0.46844213304780774,0.0495204169615186,0.49200694935864336,322848.9826825228,53
-94.53061224489795,32.89591836734694,-9435.704509769146,0.4785681699230488,2.9558901494036336,0.15931502490060565,0.32496886657940566,0.08322955526468549,118.61840798611567,0.45745605324077115,0.3285990060559653,0.07149751513991327,0.23172433753089797,0.3293108438272449,0.041090268499602414,0.3515044749933735,335925.5659325097,54
-93.97551020408163,31.508163265306123,-10023.405481325806,0.6744684937752687,6.287495322021963,0.7145825536703271,0.4093705239668178,0.36456841322272593,96.10288809969177,0.3073525873312785,0.4321042135513067,0.3302605338782668,0.3347899379093344,0.586974844773336,0.07225554777193088,0.8709257961988481,461985.2861994818,55
-93.94081632653061,32.79183673469388,-9012.131360847396,0.33737712028246514,3.18506891354473,0.19751148559078835,0.3134731856428076,0.0449106188093587,184.10859661721253,0.8940573107814168,0.3234823674185098,0.05870591854627451,0.3524740315198549,0.6311850787996371,0.058392441481042515,0.639874024684042,387998.1886213804,56
-93.52448979591837,31.542857142857144,-9347.11191750428,0.44903730583476026,3.9366973488051324,0.3227828914675221,0.35414648769400214,0.1804882923133406,61.75220077384296,0.07834800515895304,0.5804911086441437,0.7012277716103591,0.2209635953570142,0.3024089883925355,0.04377859038334738,0.39630983972245637,282185.04010562,57
-94.39183673469387,32.89591836734694,-9343.717906369393,0.4479059687897975,3.256513635549432,0.20941893925823868,0.32215354593686757,0.07384515312289197,123.34162334717529,0.4889441556478352,0.31214333577471104,0.03035833943677765,0.295710759375287,0.48927689843821753,0.048941570988344424,0.4823595164724071,331280.73353083467,58
-93.21224489795918,32.47959183673469,-8422.242983013564,0.14074766100452168,2.065155683810368,0.01085928063506138,0.30283830858249333,0.00946102860831112,140.23380345410982,0.6015586896940653,0.437947331915991,0.3448683297899775,0.28429523925459543,0.46073809813648864,0.05054047975842491,0.5090079959737486,239064.59343714165,59
-93.48979591836735,31.751020408163267,-9155.736842213955,0.3852456140713185,3.455933953134701,0.24265565885578352,0.33197005617991765,0.1065668539330589,101.83537746873026,0.34556918312486834,0.551895172513895,0.6297379312847375,0.2946226212850296,0.48655655321257385,0.04795748091765791,0.46595801529429853,306639.59399044205,60
-93.2469387755102,31.855102040816327,-8785.471986096374,0.2618239953654583,2.643174727818869,0.10719578796981148,0.308500662009237,0.028335540030789915,136.84552159795192,0.5789701439863462,0.5703253994884483,0.6758134987211206,0.3072381436512851,0.5180953591282128,0.04984613926718725,0.4974356544531208,302419.8827452891,61
-93.28163265306122,32.51428571428571,-8473.023704681244,0.1576745682270814,2.0613416704576744,0.01022361174294574,0.3031345334535034,0.010448444845011328,140.01663954426155,0.600110930295077,0.4321345427357959,0.33033635683948975,0.271256880870009,0.4281422021750224,0.04729175139447768,0.45486252324129467,243554.89001750067,62
-94.01020408163265,33.0,-8954.998011173837,0.31833267039127905,3.288344285264384,0.214724047544064,0.3058289939992795,0.019429979997598323,158.08908563763856,0.7205939042509237,0.32709234344376925,0.06773085860942309,0.42669039230570405,0.8167259807642601,0.07695566805073932,0.9492611341789887,340375.95772219263,63
-93.2469387755102,32.6530612244898,-8376.579889587318,0.1255266298624394,2.0029407523189477,0.0004901253864913142,0.3025841118042236,0.008613706014078822,140.25263250579542,0.6016842167053029,0.41253365031020817,0.2813341257755204,0.3042943544418244,0.5107358861045609,0.05064415316627365,0.5107358861045609,229702.73727854431,64
-94.6,31.40408163265306,-10889.290823926045,0.9630969413086816,7.5655172879594845,0.9275862146599141,0.3200833180553754,0.0669443935179179,117.66102985074689,0.4510735323383126,0.35619497065143985,0.1404874266285996,0.39730928863646775,0.7432732215911693,0.061878248556512264,0.6979708092752044,541250.8841698351,65
-94.2530612244898,31.33469387755102,-10562.036230980442,0.8540120769934807,7.662370209794297,0.9437283682990495,0.3361379928650476,0.12045997621682539,114.9498954509961,0.43299930300664063,0.3680738970154042,0.17018474253851057,0.3502606739988475,0.6256516849971188,0.06939770799452293,0.8232951332420487,508382.56077688665,66
-93.66326530612245,31.473469387755102,-9597.855506873228,0.5326185022910757,4.724539995917823,0.45408999931963717,0.3908667661544869,0.3028892205149564,50.0,0.0,0.5439914371755272,0.6099785929388181,0.21087596925934915,0.2771899231483728,0.04721216738328311,0.4535361230547186,318010.217662477,67
-93.7673469387755,32.72244897959184,-8873.108445364647,0.2910361484548823,2.850104845928551,0.1416841409880919,0.30975920577797333,0.03253068592657783,190.98491672098632,0.9398994448065754,0.3509863859547271,0.12746596488681772,0.32614665498704276,0.565366637467607,0.05265743341535138,0.544290556922523,379149.80727872445,68
-92.9,31.40408163265306,-8654.93937085911,0.21831312361970365,2.8429245597715975,0.1404874266285996,0.30338783618716214,0.011292787290540498,116.48113694981151,0.44320757966541013,0.6710344858639656,0.9275862146599141,0.30488013376238066,0.5122003344059517,0.04729960310960939,0.4549933851601564,259354.4846518907,69
-93.83673469387755,32.27142857142857,-9241.42611820066,0.4138087060668867,3.7544603275037933,0.2924100545839656,0.3534437652150939,0.17814588405031312,126.56920138104738,0.5104613425403158,0.376983864426675,0.19245966106668752,0.29207523399717583,0.48018808499293963,0.05270302682078648,0.545050447013108,353959.47745847114,70
-93.55918367346939,31.889795918367348,-9153.75233698928,0.3845841123297601,3.4736940767922593,0.24561567946537655,0.3308673655742831,0.10289121858094362,118.31022750646785,0.4554015167097857,0.5068199606592495,0.5170499016481237,0.32542930137927417,0.5635732534481853,0.04932822882315593,0.48880381371926546,328126.5099017021,71
-93.59387755102041,32.16734693877551,-9014.878828781062,0.33829294292702095,3.0953676387159237,0.18256127311932063,0.32183027417861515,0.07276758059538385,117.92211338629855,0.45281408924199035,0.44868000125552854,0.3717000031388214,0.28756875689251304,0.46892189223128256,0.045634072471369636,0.4272345411894939,293721.80754488904,72
-93.17755102040817,32.79183673469388,-8258.62066934485,0.08620688978161656,2.0434598916620166,0.007243315277002758,0.30231816469222417,0.007727215640747341,134.08194819903645,0.5605463213269097,0.39556162464887035,0.23890406162217592,0.3496628100526434,0.6241570251316084,0.0573989928955273,0.6233165482587883,204353.26976161863,73
-93.42040816326531,32.44489795918367,-8651.492069223412,0.2171640230744709,2.2733394234912154,0.045556570581869224,0.3054868525147749,0.018289508382583145,133.30328287265007,0.5553552191510004,0.43345324819284325,0.33363312048210825,0.2490818755924965,0.3727046889812412,0.042673050377142155,0.3778841729523692,256091.56358386032,74
-94.39183673469387,31.612244897959183,-10460.938360977374,0.820312786992458,7.039759467926814,0.8399599113211356,0.31419487625889286,0.04731625419630965,121.38168153751693,0.4758778769167795,0.34946176849425226,0.12365442123563064,0.4799561300153238,0.9498903250383093,0.0714471275938767,0.8574521265646116,489326.5489729808,75
-94.07959183673469,32.51428571428571,-9342.181607335453,0.44739386911181794,3.846036257189107,0.3076727095315179,0.37178614991687065,0.23928716638956893,121.15574049980606,0.47437160333204037,0.31437761848974255,0.03594404622435637,0.27783351687169944,0.4445837921792486,0.049509777977410935,0.491829632956849,361483.77223062684,76
-93.7326530612245,31.751020408163267,-9486.561877134172,0.49552062571139055,4.539012175778347,0.42316869596305784,0.36721197064155975,0.2240399021385325,113.34935796008332,0.4223290530672221,0.4803296376667003,0.4508240941667507,0.35020136465370744,0.6255034116342685,0.061047130471299074,0.6841188411883179,390984.0166085633,77
-92.96938775510205,32.340816326530614,-8271.91119774358,0.09063706591452683,2.4423030315277137,0.07371717192128564,0.30236449986695774,0.007881666223192422,133.83573925159624,0.558904928343975,0.4388792859260301,0.3471982148150752,0.4188422265598525,0.797105566399631,0.06651154959183521,0.7751924931972536,215462.80619313414,78
-92.93469387755103,32.93061224489796,-8038.523207379018,0.012841069126339226,2.545441734284437,0.09090695571407285,0.3022316539773841,0.007438846591280466,119.38924796096748,0.4625949864064499,0.3561953779688031,0.14048844492200777,0.4093148049250971,0.7732870123127428,0.06539868283699411,0.7566447139499018,149441.30545613533,79
-94.56530612244897,31.785714285714285,-10459.260943464844,0.819753647821615,6.104638375522121,0.6841063959203536,0.3886639793875412,0.2955465979584708,113.85621129061597,0.42570807527077315,0.352387542886238,0.13096885721559512,0.40399607959119266,0.7599901989779817,0.04949634784343768,0.491605797390628,516456.9075121586,80
-94.6,31.542857142857144,-10742.127143583593,0.9140423811945311,7.045634135851037,0.8409390226418395,0.3152898963910895,0.0509663213036317,117.69467532291375,0.45129783548609165,0.35983511333274704,0.14958778333186765,0.41459919856309235,0.7864979964077308,0.05935491340742595,0.6559152234570991,517503.13847269956,81
-92.96938775510205,31.751020408163267,-8544.960801383257,0.18165360046108545,2.741136453425226,0.12352274223753763,0.3033540072560035,0.011180024186678334,125.10546787024835,0.500703119134989,0.589032868701888,0.7225821717547198,0.3989331434506532,0.7473328586266331,0.062026710738135205,0.7004451789689201,255078.40943729042,82
-94.21836734693878,32.063265306122446,-9850.773696715387,0.6169245655717958,5.289275531260589,0.5482125885434316,0.47559350337238543,0.5853116779079515,102.45391511708365,0.3496927674472244,0.32998228149809417,0.07495570374523541,0.4229045330022517,0.8072613325056293,0.05936386455145752,0.6560644091909588,474953.07336437324,83
-94.46122448979591,32.6530612244898,-9579.570004726691,0.5265233349088968,3.4469297156541474,0.24115495260902453,0.38939841828715654,0.29799472762385526,113.407096613807,0.42271397742537997,0.3130129114213025,0.032532278553256286,0.19834439727685918,0.24586099319214794,0.03231716551045598,0.205286091840933,384097.17582459806,84
-93.35102040816327,31.993877551020407,-8826.892937242534,0.27563097908084433,2.654730365786806,0.10912172763113434,0.31010463505417935,0.03368211684726453,140.40677663058773,0.6027118442039181,0.527385051754384,0.5684626293859599,0.29995431871144984,0.4998857967786245,0.04640693412262192,0.44011556871036545,308138.2911747616,85
-93.52448979591837,31.820408163265306,-9154.998278574027,0.38499942619134214,3.4671636986791614,0.24452728311319355,0.33138545386577795,0.10461817955259312,111.56468182800916,0.4104312121867277,0.5292482429755715,0.5731206074389287,0.31372761608069233,0.5343190402017307,0.0488862577987605,0.48143762997934164,319980.1360109351,86
-94.32244897959183,32.826530612244895,-9340.726653752963,0.44690888458432104,3.395264283124016,0.23254404718733596,0.3301896342759566,0.10063211425318877,127.41050640073122,0.5160700426715414,0.3041168150437438,0.010292037609359532,0.3000928064493929,0.5002320161234822,0.04810194680876175,0.4683657801460292,341794.18598843046,87
-93.21224489795918,31.889795918367348,-8725.77271662464,0.2419242388748799,2.5633159265202625,0.09388598775337705,0.3067588072329094,0.02252935744303129,141.2955965129463,0.6086373100863087,0.5639991589663662,0.6599978974159156,0.3169710481360842,0.5424276203402104,0.051555919414902895,0.5259319902483817,300594.9467462478,88
-93.42040816326531,32.89591836734694,-8433.067951823065,0.14435598394102156,2.186587252887685,0.03109787548128081,0.3025363077729041,0.008454359243013602,160.7565254270665,0.7383768361804434,0.3889374773908264,0.22234369347706603,0.3842536887665343,0.7106342219163357,0.06244040027586986,0.707340004597831,273694.28285824397,89
-93.97551020408163,32.09795918367347,-9537.994892840376,0.5126649642801252,4.639593245234923,0.43993220753915374,0.3993192255066315,0.3310640850221051,136.12888666918707,0.5741925777945803,0.36521528575909373,0.1630382143977343,0.3783294049869891,0.6958235124674728,0.06221976125153003,0.7036626875255004,443465.9096233036,90
-92.96938775510205,32.16734693877551,-8346.56693306672,0.1155223110222404,2.5231962553338843,0.08719937588898073,0.30250122181091754,0.00833740603639193,137.64931440540676,0.5843287627027118,0.47783933736948586,0.4445983434237147,0.4365032575100025,0.8412581437750062,0.06772214328843529,0.7953690548072547,237349.9948564395,91
-94.07959183673469,32.13265306122449,-9634.972195994613,0.5449907319982044,4.830078690215942,0.471679781702657,0.43428014200102527,0.44760047333675085,117.41382321800998,0.44942548812006655,0.3418943797202928,0.10473594930073199,0.38252116548512505,0.7063029137128125,0.060839021651341016,0.6806503608556835,445190.51780530333,92
-94.53061224489795,32.826530612244895,-9488.808314814873,0.4962694382716241,3.0082420298211527,0.1680403383035254,0.33784426480109353,0.12614754933697847,118.04451146178047,0.45363007641186986,0.32549561337226757,0.063739033430669,0.2082603533400461,0.2706508833501153,0.03660364600998578,0.276727433499763,348360.7943629081,93
-93.94081632653061,32.68775510204082,-9077.7879728434,0.3592626576144666,3.2879159931543094,0.21465266552571824,0.3221727669778412,0.07390922325947061,171.59001625321352,0.8106001083547568,0.3249908907250355,0.062477226812588806,0.3121623874817452,0.530405968704363,0.05286052922804106,0.5476754871340176,379556.35260168277,94
-93.80204081632652,32.27142857142857,-9199.716323198427,0.39990544106614206,3.6359919068236417,0.27266531780394027,0.3463192423463872,0.15439747448795738,125.08557179341487,0.5005704786227658,0.3849263166899401,0.2123157917248503,0.2873351026955054,0.46833775673876343,0.051468107275693065,0.5244684545948843,341543.4562766129,95
-93.48979591836735,31.785714285714285,-9132.469942407672,0.37748998080255747,3.3954941156773035,0.23258235261288387,0.3296085877852276,0.09869529261742535,107.91020633646096,0.386068042243073,0.5449199081883351,0.612299770470838,0.3022220633699081,0.5055551584247702,0.0479827129873759,0.46637854978959836,311194.9805950474,96
-93.80204081632652,32.826530612244895,-8849.687286477914,0.283229095492638,2.8810989098115316,0.14684981830192195,0.30711034199471626,0.023701139982387525,199.00468461143925,0.9933645640762617,0.34322434830235615,0.1080608707558904,0.37212132188161806,0.6803033047040451,0.060563893748061606,0.6760648958010268,390092.225541632,97
-94.2530612244898,31.3,-10595.047662030078,0.8650158873433594,7.717994742508715,0.9529991237514526,0.3367713693201002,0.12257123106700081,114.71327893117079,0.43142185954113865,0.3669200464924136,0.16730011623103397,0.33265513060876484,0.5816378265219121,0.06666928092170012,0.7778213486950019,511533.23901023454,98
-92.93469387755103,32.13265306122449,-8333.541320923408,0.11118044030780276,2.624879446948051,0.10414657449134188,0.30245825867801734,0.008194195593391117,134.44797516001364,0.5629865010667575,0.47947150758386425,0.44867876895966063,0.4663990761790081,0.9159976904475201,0.0697907269025407,0.8298454483756784,231474.4457287679,99
-94.35714285714285,31.508163265306123,-10523.718242322246,0.8412394141074152,7.389786111537132,0.8982976852561888,0.30799613928329367,0.026653797610978944,120.54703258398872,0.4703135505599248,0.3546202638105953,0.1365506595264882,0.4518958604379386,0.8797396510948465,0.07455410106632879,0.9092350177721464,494334.54930314695,100
-93.38571428571429,31.577551020408166,-9132.00185840052,0.37733395280017296,3.3297145742834844,0.22161909571391408,0.3287557023274934,0.09585234109164481,85.31830054172093,0.23545533694480622,0.6111900723390906,0.7779751808477267,0.2255143905429491,0.31378597635737276,0.04197605546881661,0.36626759114694357,278445.21385058656,101
-93.31632653061224,32.09795918367347,-8726.491148492112,0.2421637161640375,2.4605891414572825,0.07676485690954707,0.3069752259862587,0.023250753287528972,147.5126540499503,0.650084360333002,0.5088294307232972,0.522073576808243,0.29005289530210676,0.4751322382552669,0.04689177993962548,0.4481963323270914,302204.27087776375,102
-93.2469387755102,31.3,-9123.837324824617,0.3746124416082054,3.003800697386204,0.16730011623103397,0.3182757027294922,0.060919009098307234,102.88467374661634,0.35256449164410897,0.681199649500581,0.9529991237514526,0.1339256315601039,0.0848140789002597,0.022622211089898123,0.04370351816496871,299833.7601757231,103
-93.94081632653061,32.79183673469388,-9012.131360847396,0.33737712028246514,3.18506891354473,0.19751148559078835,0.3134731856428076,0.0449106188093587,184.10859661721253,0.8940573107814168,0.3234823674185098,0.05870591854627451,0.3524740315198549,0.6311850787996371,0.058392441481042515,0.639874024684042,387998.1886213804,104
-93.42040816326531,31.542857142857144,-9202.154973064431,0.4007183243548102,3.49640032216902,0.24940005369483667,0.33549956985897145,0.11833189952990489,76.44581085531189,0.17630540570207925,0.6093826071613097,0.7734565179032741,0.2116619776625973,0.2791549441564932,0.040658319432606005,0.3443053238767668,276836.6752781385,105
-92.96938775510205,32.09795918367347,-8377.808060025576,0.12593602000852513,2.558247581750863,0.09304126362514384,0.3025836175475871,0.008612058491957151,137.47031852251837,0.5831354568167892,0.49487719447751166,0.4871929861937791,0.4406759356411273,0.851689839102818,0.06764389715293115,0.7940649525488526,243408.8531866376,106
-93.7673469387755,31.646938775510204,-9614.584622149967,0.538194874049989,4.948151043845742,0.4913585073076237,0.3858853288172482,0.2862844293908273,90.37267070921183,0.2691511380614122,0.48490295322125226,0.46225738305313063,0.32620722906676286,0.5655180726669071,0.06311607503203492,0.7186012505339153,383922.8310387235,107
-93.42040816326531,31.855102040816327,-8997.354041352231,0.3324513471174107,3.040172580551452,0.17336209675857533,0.31889477579459324,0.06298258598197759,122.8540611901401,0.4856937412676007,0.5459645070523921,0.6149112676309803,0.3031470749224574,0.5078676873061435,0.04660666032356975,0.44344433872616246,310206.84138106206,108
-93.7673469387755,31.542857142857144,-9695.955703075777,0.5653185676919257,5.165580802401726,0.5275968004002877,0.4015371866993581,0.3384572889978604,65.40368038211011,0.10269120254740077,0.4988425202664253,0.4971063006660632,0.27654280608609505,0.44135701521523757,0.059541021208667375,0.6590170201444562,363901.7670673238,109
-93.62857142857143,32.47959183673469,-8863.204897767171,0.28773496592239056,2.7334698945917593,0.12224498243195983,0.3127686815526428,0.04256227184214277,129.98543479100272,0.5332362319400181,0.3964004527286008,0.24100113182150198,0.25422977812186887,0.3855744453046722,0.043550232399213275,0.39250387332022124,279774.9515039344,110
-94.01020408163265,32.47959183673469,-9293.146641647965,0.43104888054932167,3.7918692394298685,0.2986448732383114,0.36406063948478473,0.2135354649492825,124.38564250122508,0.4959042833415005,0.3253316982479171,0.0633292456197927,0.2759495280167573,0.43987382004189335,0.05078757633110469,0.5131262721850782,357030.43331681035,111
-93.03877551020409,32.410204081632656,-8298.542896488534,0.09951429882951118,2.2631015879221943,0.04385026465369908,0.3024178686817465,0.0080595622724884,136.02614101700257,0.5735076067800171,0.4365627114486005,0.34140677862150126,0.36444002102590833,0.6611000525647707,0.06143546918254068,0.6905911530423448,220010.0028142734,112
-94.01020408163265,31.43877551020408,-10132.664919391033,0.7108883064636777,6.590757091548493,0.7651261819247488,0.41116590612142934,0.3705530204047644,94.99171085242796,0.2999447390161864,0.42608004817639045,0.31520012044097606,0.3105152008865295,0.5262880022163237,0.06962552762936702,0.827092127156117,474241.33953326236,113
-94.56530612244897,32.72244897959184,-9592.820596238113,0.5309401987460375,3.0415926320202136,0.17359877200336893,0.36799738254307707,0.22665794181025695,115.78544030633458,0.43856960204223056,0.329540786053737,0.07385196513434249,0.1564491427100573,0.14112285677514325,0.029438938939235312,0.1573156489872552,375984.6745692145,114
-93.42040816326531,32.618367346938776,-8562.11040741354,0.1873701358045136,2.150725101020099,0.02512085017001648,0.30379309866375975,0.01264366221253258,149.2357601893051,0.6615717345953672,0.40930946569316157,0.27327366423290395,0.2809519581788595,0.4523798954471487,0.0451057143149106,0.41842857191517674,267572.10206897557,115
-94.07959183673469,32.68775510204082,-9219.472877369633,0.4064909591232108,3.5246945662252025,0.25411576103753375,0.33529753246531746,0.11765844155105826,149.84886477418945,0.6656590984945965,0.30840764561165873,0.021019114029146885,0.30663067347751194,0.5165766836937798,0.051401981205260794,0.5233663534210132,368465.11660900916,116
-93.21224489795918,32.23673469387755,-8539.93020323228,0.17997673441075954,2.2296012880390847,0.03826688133984747,0.30373239565411525,0.012441318847050867,152.21699611240837,0.681446640749389,0.4843288738934024,0.460822184733506,0.29326909191813666,0.48317272979534154,0.051503487770811957,0.5250581295135326,281682.6873320694,117
-93.38571428571429,31.508163265306123,-9177.877482080821,0.39262582736027357,3.4025990410224622,0.23376650683707703,0.33180761519030033,0.10602538396766786,79.96135690354951,0.19974237935699676,0.6238234640753975,0.8095586601884935,0.1959834332356808,0.23995858308920195,0.03820846291152534,0.3034743818587557,277664.5862500603,118
-93.48979591836735,31.577551020408166,-9274.255389493268,0.4247517964977562,3.734614545828433,0.28910242430473887,0.34494801110056394,0.14982670366854658,70.00544109798702,0.13336960731991346,0.5848334521204872,0.7120836303012179,0.2325436980741478,0.33135924518536947,0.04413726873527588,0.40228781225459803,280646.70935092506,119
-94.49591836734693,31.542857142857144,-10641.594397789755,0.8805314659299187,7.238216444889759,0.8730360741482932,0.3039757810032292,0.013252603344097402,118.88548888191654,0.45923659254611027,0.35176417505651675,0.1294104376412919,0.44942896443230884,0.873572411080772,0.06645504938676346,0.7742508231127242,500737.8004190195,120
-93.48979591836735,31.681632653061225,-9202.735221631396,0.40091174054379836,3.573758674405801,0.26229311240096687,0.33704557680357805,0.12348525601192682,88.22909883288051,0.2548606588858701,0.5655807696122549,0.6639519240306372,0.27409371268754457,0.43523428171886147,0.04726965024922722,0.45449417082045374,295083.56245713914,121
-94.14897959183673,32.44489795918367,-9465.99691024629,0.48866563674876307,4.099141166577104,0.3498568610961839,0.4088604408774766,0.36286813625825537,104.98778858900324,0.3665852572600216,0.31118342503803453,0.027958562595086344,0.28071161658257326,0.45177904145643316,0.04847175567015829,0.47452926116930483,375148.41927208594,122
-93.90612244897959,32.410204081632656,-9225.89530549416,0.4086317684980531,3.677870820803336,0.27964513680055597,0.35312645914262997,0.1770881971420999,125.87845007154664,0.5058563338103109,0.3483142955717113,0.12078573892927826,0.2724448849639194,0.4311122124097985,0.051273159766933946,0.5212193294488991,346233.5383593179,123
-92.96938775510205,32.93061224489796,-8059.489678929148,0.019829892976382768,2.461663013718984,0.07694383561983067,0.3022331609724879,0.007443869908293104,120.16431001652248,0.46776206677681653,0.36286935370903206,0.15717338427258018,0.40255743969960034,0.7563935992490008,0.06538361595494005,0.7563935992490008,154270.86983861803,124
-93.94081632653061,32.063265306122446,-9522.091459957499,0.5073638199858331,4.618405199964089,0.4364008666606814,0.38921496282507073,0.29738320941690255,142.47029168561681,0.6164686112374455,0.3769682238413564,0.19242055960339102,0.3835196430108735,0.7087991075271837,0.06286051073301233,0.7143418455502054,446909.70024683035,125
-94.35714285714285,32.09795918367347,-9965.623420116806,0.6552078067056022,5.208088149553641,0.5346813582589401,0.5331606520771949,0.7772021735906497,90.52996611231531,0.27019977408210205,0.3228730935568279,0.05718273389206983,0.3813877235166685,0.7034693087916712,0.048170449782252364,0.4695074963708727,503047.201124858,126
-94.39183673469387,32.54897959183673,-9610.088147415207,0.5366960491384023,3.8043725432804854,0.3007287572134142,0.42739778010498086,0.42465926701660295,105.83240132015155,0.3722160088010103,0.3070327835784288,0.01758195894607192,0.22079005435583576,0.30197513588958935,0.03455921528071081,0.24265358801184692,401415.3318284905,127
-94.53061224489795,32.47959183673469,-9774.70793491956,0.591569311639853,3.678888681768527,0.27981478029475454,0.48373220240419046,0.6124406746806348,105.68703715305881,0.37124691435372537,0.3258640843326767,0.06466021083169181,0.14847762671221584,0.1211940667805396,0.025309376520213672,0.08848960867022787,458893.10690709413,128
-94.04489795918367,32.79183673469388,-9115.787044342771,0.37192901478092383,3.3537982378319455,0.22563303963865763,0.31886864784260227,0.06289549280867433,166.35471408083606,0.7756980938722403,0.31156199656057826,0.028904991401445604,0.34507727848696845,0.612693196217421,0.05714672755683539,0.6191121259472566,373939.1390553289,129
-93.48979591836735,32.6530612244898,-8616.412611992593,0.2054708706641975,2.2513006823955783,0.041883447065929696,0.3043476405242992,0.014492135080997368,159.13011085130586,0.7275340723420389,0.39807797399898653,0.2451949349974663,0.29218170404346105,0.4804542601086526,0.045769256219324025,0.4294876036554005,290657.10170408484,130
-92.96938775510205,32.02857142857143,-8409.811818036624,0.13660393934554121,2.594592691755226,0.09909878195920431,0.3026873385348284,0.008957795116094604,136.264453736347,0.5750963582423134,0.5126587799441987,0.5316469498604969,0.44153042888073857,0.8538260722018465,0.067234044800299,0.7872340800049833,247819.74379716106,131
-94.21836734693878,32.20204081632653,-9732.96546166209,0.5776551538873632,4.843500986168974,0.4739168310281623,0.48920003368401593,0.6306667789467199,91.52187010268699,0.2768124673512466,0.3203187832358797,0.05079695808969923,0.357127829734853,0.6428195743371324,0.05287173635545872,0.5478622725909786,445647.3426308382,132
-93.87142857142857,32.47959183673469,-9139.201093163581,0.37973369772119375,3.4460067909290117,0.24100113182150198,0.33791836097193084,0.1263945365731029,134.10942811789826,0.5607295207859884,0.3488979929727839,0.12224498243195983,0.2674988425416325,0.41874710635408124,0.049664725359706355,0.49441208932843933,337451.0707198657,133
-93.87142857142857,31.3,-10046.484065374698,0.6821613551248991,6.048592593971077,0.6747654323285128,0.4343024111114303,0.44767470370476764,78.80070071746283,0.1920046714497522,0.47746286180326164,0.44365715450815413,0.17860236247957073,0.19650590619892683,0.04527031583447319,0.4211719305745532,446683.1397109642,134
-93.03877551020409,32.47959183673469,-8269.574002586158,0.08985800086205278,2.2350496515595655,0.039174941926594285,0.3023679744380106,0.007893248126702057,132.8080000782511,0.5520533338550072,0.42367517666642934,0.30918794166607333,0.36158634084915175,0.6539658521228793,0.06064585067185366,0.6774308445308944,208780.19219224516,135
-93.59387755102041,32.54897959183673,-8784.256000228008,0.26141866674266917,2.560926629397138,0.09348777156618969,0.3088152125194043,0.029384041731347742,143.16299354395795,0.6210866236263864,0.3943838481085555,0.2359596202713887,0.26430649385492105,0.4107662346373026,0.043574177724628516,0.3929029620771419,288214.6911079,136
-93.31632653061224,32.89591836734694,-8337.553753477307,0.11251791782576856,2.104824837177184,0.017470806196197324,0.3023693691534108,0.007897897178035905,146.077675567087,0.6405178371139134,0.3929661916706982,0.23241547917674543,0.37639306521392424,0.6909826630348105,0.06209573344446992,0.7015955574078321,236655.2054324418,137
-93.31632653061224,31.751020408163267,-8931.497749281532,0.3104992497605106,2.9048692762633648,0.15081154604389416,0.31481540639466127,0.0493846879822043,118.86378841295931,0.4590919227530621,0.5870820104160153,0.7177050260400383,0.28323247897756454,0.4580811974439114,0.04697616448585648,0.44960274143094137,297187.07695434947,138
-93.07346938775511,31.369387755102043,-8862.65165783258,0.2875505526108603,2.7541798574312852,0.1256966429052142,0.307049781139332,0.023499270464440097,112.57420446605893,0.41716136310705954,0.6887437191579258,0.9718592978948142,0.2106909733999052,0.276727433499763,0.03623905300100692,0.2706508833501153,280274.8635405164,139
-94.35714285714285,31.3,-10728.70399037428,0.9095679967914271,7.926654074474672,0.987775679079112,0.3108988282658076,0.03632942755269212,117.11383980910517,0.4474255987273678,0.3522633064457351,0.13065826611433778,0.36236608938283965,0.6559152234570991,0.06718987978446385,0.7864979964077308,514739.64074371406,140
-93.69795918367348,31.43877551020408,-9675.414638628548,0.5584715462095159,4.956078280586862,0.49267971343114364,0.4019351660332424,0.3397838867774748,50.96315405970669,0.006421027064711242,0.535157270262149,0.5878931756553726,0.20032438711927203,0.25081096779818,0.04679893006386507,0.4466488343977512,336225.74178314547,141
-93.69795918367348,32.16734693877551,-9143.339278487278,0.3811130928290922,3.469977035472509,0.2449961725787515,0.33462095136067954,0.11540317120226522,121.59262102733445,0.4772841401822296,0.4239120014727956,0.3097800036819891,0.3019325561116613,0.5048313902791532,0.04956546347860006,0.49275772464333434,324384.66197100305,142
-93.45510204081633,31.751020408163267,-9109.761902656246,0.3699206342187485,3.3257894541880404,0.22096490903134003,0.3277617676407141,0.09253922546904697,104.6219094997991,0.364146063331994,0.5603577742148889,0.6508944355372223,0.289811704467722,0.47452926116930483,0.047106742487385986,0.45177904145643316,302931.1662339053,143
-93.90612244897959,32.618367346938776,-9085.873994507156,0.36195799816905166,3.3054296026525725,0.21757160044209536,0.32630536614202216,0.08768455380674064,160.7594724765588,0.7383964831770589,0.33319496760119605,0.08298741900299009,0.29076663981365714,0.4769165995341427,0.0507389819557079,0.512316365928465,365441.2855233393,144
-93.59387755102041,32.20204081632653,-8992.768546046002,0.33092284868200067,3.0370762913291065,0.1728460485548511,0.32055743313112317,0.06852477710374401,117.37007872938221,0.4491338581958815,0.4430245198344599,0.3575612995861497,0.2791775255964892,0.4479438139912229,0.04509623011737914,0.41827050195631904,288004.5610275005,145
-93.48979591836735,31.577551020408166,-9274.255389493268,0.4247517964977562,3.734614545828433,0.28910242430473887,0.34494801110056394,0.14982670366854658,70.00544109798702,0.13336960731991346,0.5848334521204872,0.7120836303012179,0.2325436980741478,0.33135924518536947,0.04413726873527588,0.40228781225459803,280646.70935092506,146
-93.66326530612245,31.785714285714285,-9365.805685958381,0.45526856198612675,4.134646292335658,0.3557743820559429,0.3533126585305316,0.1777088617684387,111.51980137069626,0.410132009137975,0.49623496644782605,0.4905874161195651,0.33869969496758323,0.5967492374189581,0.0561416420520339,0.6023607008672316,362146.2089079899,147
-93.00408163265307,31.785714285714285,-8560.939030861347,0.1869796769537823,2.676079165400517,0.11267986090008617,0.3035831538662179,0.011943846220726547,128.1153027076486,0.5207686847176574,0.5838260943793896,0.709565235948474,0.38745178103733047,0.718629452593326,0.06121548792298545,0.6869247987164241,261306.22172750067,148
-93.48979591836735,32.16734693877551,-8888.697521662129,0.29623250722070926,2.764894689842826,0.12748244830713767,0.3134484719644204,0.044828239881401236,125.30303681127411,0.5020202454084941,0.4702683327563532,0.425670831890883,0.2773426862876288,0.443356715719072,0.04367850228176766,0.3946417046961277,285194.0653858896,149
-94.46122448979591,32.72244897959184,-9524.258014658893,0.5080860048862978,3.320472952801375,0.22007882546689583,0.3637811054013458,0.2126036846711526,116.72698937857628,0.4448465958571752,0.31321884094134983,0.03304710235337462,0.21329848767998813,0.2832462191999703,0.03485074194227743,0.24751236570462376,366190.59245986224,150
-92.96938775510205,31.716326530612246,-8562.583418145092,0.18752780604836405,2.7568073047154167,0.1261345507859028,0.30346123809429565,0.011537460314318829,123.54234315439405,0.4902822876959603,0.5988046569254254,0.7470116423135635,0.3883619387307007,0.7209048468267517,0.06088399670659661,0.6813999451099436,255626.3447503825,151
-93.97551020408163,32.375510204081635,-9329.456573585552,0.44315219119518423,3.939997715028547,0.32333295250475785,0.3749055455631337,0.24968515187711238,120.02966780917484,0.4668644520611656,0.3385591665896055,0.09639791647401372,0.28421506508381156,0.46053766270952895,0.05283100115564375,0.5471833525940626,364490.70193257317,152
-94.49591836734693,32.618367346938776,-9632.719932703641,0.5442399775678807,3.4366435245128795,0.23944058741881322,0.4073873524700142,0.3579578415667139,111.70060400428878,0.4113373600285919,0.3180128504240807,0.04503212606020177,0.17433827702825427,0.1858456925706357,0.029375789412842454,0.15626315688070758,399663.13320233545,153
-93.42040816326531,32.96530612244898,-8403.91334860701,0.13463778286900338,2.2678704826466434,0.04464508044110723,0.30241570235563764,0.008052341185458887,154.21988655257078,0.6947992436838052,0.3892274817491093,0.2230687043727733,0.4086699213448186,0.7716748033620464,0.06953932587373814,0.825655431228969,261955.11351057485,154
-92.93469387755103,32.375510204081635,-8231.481534549486,0.07716051151649542,2.5201426187909517,0.08669043646515863,0.30231343137766425,0.007711437925547643,130.12257506224074,0.5341505004149383,0.42464620819799515,0.31161552049498786,0.44176653827879664,0.8544163456969915,0.06799933942918049,0.7999889904863414,202812.486610373,155
-94.04489795918367,31.40408163265306,-10212.486462134755,0.7374954873782515,6.8094476500025625,0.8015746083337605,0.4057031875601274,0.35234395853375805,98.58539860109717,0.32390265734064777,0.41717872063083367,0.29294680157708414,0.30560357634840996,0.5140089408710249,0.06865659213759905,0.8109432022933174,485885.4531119411,156
-93.10816326530613,32.30612244897959,-8405.227204596833,0.1350757348656108,2.219294249472696,0.03654904157878266,0.3027488115874108,0.009162705291369389,145.91535860905623,0.639435724060375,0.4654233109524489,0.41355827738112216,0.33111759111351724,0.5777939777837932,0.05785640990656468,0.6309401651094114,252933.72320208102,157
-93.66326530612245,32.54897959183673,-8861.226407993518,0.2870754693311723,2.746046635268349,0.12434110587805818,0.31205858181089097,0.04019527270296994,145.45158771084138,0.6363439180722759,0.3822009088195262,0.20550227204881538,0.2665229105721387,0.4163072764303467,0.04483326237768297,0.4138877062947161,303615.54085676116,158
-93.59387755102041,32.063265306122446,-9082.499555813642,0.36083318527121366,3.2797507664332746,0.21329179440554574,0.32587453450729076,0.0862484483576359,120.06544644687156,0.4671029763124771,0.4663318371502149,0.41582959287553733,0.31223686398513584,0.5305921599628395,0.047459181313520914,0.45765302189201523,312188.5641811997,159
-93.62857142857143,32.618367346938776,-8783.119241432334,0.2610397471441113,2.5836810113187916,0.09728016855313192,0.308186325537944,0.027287751793146655,161.59727918743314,0.7439818612495543,0.38140616042965825,0.20351540107414565,0.28407716826646845,0.46019292066617107,0.045682172762111464,0.4280362127018577,317692.183663348,160
-93.03877551020409,32.826530612244895,-8138.784776504174,0.046261592168058065,2.234492052887407,0.03908200881456781,0.30224877070853956,0.0074959023617986575,124.15445565520794,0.49436303770138623,0.3787232536659357,0.1968081341648392,0.3818364966630229,0.7045912416575573,0.06182258117198346,0.6970430195330577,171761.06024722834,161
-94.42653061224489,31.785714285714285,-10327.882102301199,0.7759607007670662,6.348368990792248,0.7247281651320413,0.3778496910792828,0.2594989702642761,115.54934030604296,0.4369956020402864,0.3413766741046521,0.1034416852616303,0.4738637146409246,0.9346592866023113,0.060940847920153446,0.6823474653358909,498322.0458784946,162
-93.42040816326531,32.75714285714286,-8495.26509811987,0.16508836603995664,2.1208266144427785,0.020137769073796406,0.30297434621463465,0.00991448738211547,162.66159471017443,0.7510772980678296,0.39548997269571623,0.23872493173929063,0.3297099259917225,0.5742748149793062,0.051356884795910815,0.5226147465985135,281464.1473216388,163
-93.21224489795918,32.27142857142857,-8522.464943368184,0.1741549811227278,2.2020404719027242,0.0336734119837874,0.3035660232781207,0.011886744260402425,150.8492061173938,0.6723280407826254,0.4771476034841019,0.4428690087102547,0.28948381796355405,0.47370954490888506,0.05135631612369565,0.5226052687282609,275972.01025537506,164
-93.35102040816327,32.51428571428571,-8542.724960833655,0.18090832027788523,2.118454644161968,0.019742440693661312,0.3037507577024393,0.01250252567479781,139.37475375898418,0.5958316917265611,0.42900825110120355,0.3225206277530089,0.26162818534084065,0.4040704633521016,0.04475394571281392,0.41256576188023203,250764.7142792306,165
-93.80204081632652,31.716326530612246,-9609.103674669415,0.536367891556472,4.955903159005085,0.49265052650084745,0.38021353823231085,0.2673784607743695,115.90658777645115,0.43937725184300763,0.4633700769074693,0.4084251922686732,0.36212805479508436,0.6553201369877107,0.06606424945580698,0.7677374909301163,420600.43139439315,166
-93.62857142857143,32.375510204081635,-8925.884112799282,0.3086280375997609,2.876174128687393,0.1460290214478988,0.31692560645704276,0.056418688190142605,118.42807753406942,0.4561871835604628,0.40982738282337283,0.27456845705843214,0.25269596354942947,0.38173990887357356,0.04389135232211527,0.39818920536858776,273576.78657129785,167
-92.93469387755103,31.508163265306123,-8635.743374259546,0.211914458086515,2.8407786000851383,0.14012976668085636,0.3036230604846659,0.012076868282219821,117.13660265289336,0.4475773510192891,0.6506743029597416,0.876685757399354,0.3291084388109592,0.572771097027398,0.05252329816820499,0.5420549694700831,257734.57668302365,168
-93.03877551020409,32.02857142857143,-8472.71496465906,0.1575716548863534,2.476446758661348,0.0794077931102247,0.30304120265030055,0.010137342167668437,142.44747432896244,0.6163164955264163,0.5227682068623319,0.5569205171558299,0.3941531847193396,0.7353829617983489,0.06284644453117162,0.7141074088528603,265966.3872761416,169
-93.55918367346939,32.23673469387755,-8929.264485146134,0.3097548283820444,2.8697155849191516,0.14495259748652523,0.31636324382741254,0.05454414609137518,118.41982899031754,0.4561321932687836,0.4447558907403554,0.3618897268508885,0.2681606703434095,0.42040167585852384,0.04379802084654458,0.3966336807757429,277999.30191351776,170
-93.42040816326531,31.33469387755102,-9343.326930926694,0.44777564364223177,3.623420007446246,0.270570001241041,0.34297043585819686,0.14323478619398952,80.90933114320863,0.2060622076213909,0.6376869267314361,0.8442173168285902,0.1216628235551278,0.054157058887819465,0.023766483062220952,0.06277471770368252,304460.0074501529,171
-93.48979591836735,32.72244897959184,-8581.505823523028,0.1938352745076762,2.2281066053611838,0.038017767560197306,0.3036969155866231,0.012323051955410419,169.09292962882165,0.7939528641921443,0.39168736936176884,0.2292184234044222,0.3182126465536111,0.5455316163840277,0.049096083760523684,0.4849347293420614,302806.84610014636,172
-93.90612244897959,32.826530612244895,-8955.941370923263,0.3186471236410876,3.0992691814816458,0.18321153024694095,0.3101055379699788,0.03368512656659612,189.68719992210137,0.9312479994806757,0.32836977578188964,0.07092443945472418,0.36895359146541384,0.6723839786635345,0.061093075351277476,0.684884589187958,389264.6529722566,173
-93.52448979591837,31.473469387755102,-9396.307144794531,0.4654357149315106,4.020981690409708,0.33683028173495133,0.35930435230416485,0.1976811743472163,58.00718844081722,0.05338125627211476,0.5907671882470957,0.7269179706177394,0.18721950731553869,0.21804876828884667,0.03926505793682545,0.32108429894709084,285331.04109160404,174
-93.83673469387755,32.23673469387755,-9265.829099955905,0.42194303331863475,3.8297933826100756,0.30496556376834594,0.3561710434685555,0.18723681156185162,128.32811574808562,0.5221874383205709,0.3810287023653647,0.20257175591341167,0.30233216938118934,0.5058304234529732,0.053630556100299834,0.5605092683383305,362943.4129663905,175
-93.48979591836735,32.23673469387755,-8847.033076193973,0.2823443587313241,2.66691123552617,0.11115187258769495,0.3117424871925568,0.03914162397518952,124.71117703222151,0.49807451354814347,0.457956258109004,0.39489064527251,0.26359304760899344,0.40898261902248356,0.04298325453956729,0.38305424232612156,275570.3269783429,176
-94.53061224489795,32.79183673469388,-9515.9124134723,0.5053041378241,3.0467064730758975,0.1744510788459829,0.34614773866202697,0.1538257955400899,117.51412151114988,0.45009414340766585,0.32449321233799777,0.0612330308449945,0.19696954366258335,0.24242385915645837,0.034599710946828045,0.24332851578046746,355669.8937797222,177
-94.01020408163265,32.79183673469388,-9081.667834740718,0.3605559449135725,3.3040605232220828,0.21734342053701378,0.31693576446896554,0.056452548229885206,172.5930903403805,0.8172872689358702,0.31513524724138753,0.037838118103468814,0.348067124082724,0.62016781020681,0.057753152877245,0.62921921462075,379163.97602895764,178
-93.7673469387755,31.95918367346939,-9378.370881773299,0.4594569605910995,4.2007385635266985,0.366789760587783,0.3553308524820282,0.1844361749400941,139.5486457224934,0.5969909714832894,0.436848603263728,0.3421215081593201,0.3679193928047134,0.6697984820117835,0.05868434922288204,0.6447391537147007,405646.0636310652,179
-93.17755102040817,32.30612244897959,-8470.944027407326,0.15698134246910875,2.1774150873671343,0.02956918122785569,0.3031360136923062,0.010453378974353994,148.88308436912808,0.6592205624608539,0.46947775678698894,0.42369439196747233,0.2988601353354393,0.4971503383385982,0.0533142372753716,0.5552372879228601,265399.00143865077,180
-93.55918367346939,31.646938775510204,-9322.041283956449,0.44068042798548324,3.931334960962476,0.32188916016041264,0.35118569345779266,0.1706189781926422,76.24260019139281,0.17495066794261876,0.5524143020365054,0.6310357550912635,0.27289646442817495,0.4322411610704373,0.049430112999669366,0.4905018833278228,299989.6556180077,181
-94.53061224489795,32.23673469387755,-9992.333366124167,0.6641111220413892,4.42409503195114,0.4040158386585233,0.5893278436667848,0.9644261455559494,97.6527945543973,0.31768529702931536,0.33263920898045124,0.08159802245112817,0.21587016951975324,0.2896754237993831,0.028418996494819077,0.14031660824698458,547848.5731308975,182
-93.2469387755102,32.13265306122449,-8630.594191286511,0.2101980637621701,2.340650759168328,0.05677512652805463,0.3049252401499126,0.016417467166375474,152.8834544730555,0.6858896964870367,0.5059466889577651,0.5148667223944127,0.2968166110745706,0.4920415276864265,0.049887926415690134,0.49813210692816884,297807.69901315385,183
-93.03877551020409,32.618367346938776,-8214.32403654441,0.07144134551480377,2.1985095038903424,0.033084917315057076,0.30229904859823864,0.007663495327462113,128.01736412639616,0.520115760842641,0.4012533423421841,0.2531333558554603,0.3638211969482693,0.6595529923706731,0.05959498259359543,0.6599163765599237,190117.7322677912,184
-93.80204081632652,32.410204081632656,-9106.006464907501,0.3686688216358337,3.366553708955351,0.22775895149255845,0.3345069802448192,0.11502326748273067,126.24441830437426,0.5082961220291617,0.36926932113200744,0.17317330283001864,0.2632500483929894,0.4081251209824734,0.04874110882250937,0.4790184803751562,319727.2596874951,185
-92.9,31.3,-8708.383129673444,0.23612770989114792,2.7391698912134794,0.12319498186891321,0.3034458346696893,0.011486115565630868,116.31162848511876,0.4420775232341251,0.6920046292528733,0.9800115731321832,0.2658617656934237,0.41465441423355914,0.03991028338138748,0.33183805635645797,265594.8472672154,186
-93.52448979591837,32.20204081632653,-8909.074404213921,0.3030248014046402,2.81582860010598,0.13597143335099665,0.3148274649068836,0.049424883022945544,121.37394497797577,0.4758262998531718,0.4575097390272947,0.39377434756823676,0.2726123539865679,0.43153088496641967,0.043633882199483456,0.3938980366580576,280699.0284763229,187
-93.00408163265307,31.716326530612246,-8596.789135576115,0.19892971185870492,2.7144023396714303,0.11906705661190502,0.30386147691935356,0.01287158973117851,124.31959288791077,0.4954639525860718,0.6030436956766949,0.7576092391917372,0.3683412907192939,0.6708532267982346,0.05915682560811475,0.6526137601352457,261474.18530906134,188
-93.87142857142857,32.68775510204082,-9004.662072387131,0.33488735746237713,3.133796421058541,0.18896607017642356,0.31707351342264223,0.05691171140880741,179.29768547530517,0.8619845698353678,0.33549697687276997,0.0887424421819249,0.3127297084218247,0.5318242710545616,0.052453880933770305,0.5408980155628383,380269.6548456582,189
-93.83673469387755,31.369387755102043,-9937.260699129345,0.6457535663764484,5.803509127837495,0.6339181879729159,0.4296693777837062,0.4322312592790205,67.75576273927517,0.11837175159516777,0.48870444506871136,0.47176111267177845,0.20304074649482964,0.2576018662370741,0.05071892997691033,0.5119821662818389,414155.41890191194,190
-94.56530612244897,32.618367346938776,-9679.142467514153,0.5597141558380508,3.236719310351144,0.20611988505852394,0.4113430154971074,0.371143384990358,112.70778671156452,0.41805191141043013,0.32979622577740586,0.07449056444351472,0.13280931570086,0.08202328925214997,0.025642445079392197,0.0940407513232033,409815.48690570006,191
-93.69795918367348,31.473469387755102,-9648.743378892941,0.5495811262976468,4.910481940383566,0.485080323397261,0.39833738224370696,0.32779127414569,51.175303178666795,0.007835354524445306,0.5316036169558952,0.5790090423897379,0.2192229409416169,0.29805735235404224,0.04971036411182746,0.49517273519712424,331402.77344806335,192
-93.17755102040817,31.542857142857144,-8886.497471192211,0.29549915706407054,2.8461579658297134,0.14102632763828554,0.3105519152136388,0.03517305071212937,109.24392332390792,0.39495948882605275,0.6496832416205568,0.8742081040513919,0.23819601795965484,0.3454900448991371,0.04377395141322788,0.396232523553798,278640.9851490723,193
-94.56530612244897,32.20204081632653,-10051.068780938038,0.6836895936460128,4.440382811818338,0.4067304686363897,0.5975273202722844,0.9917577342409479,100.35444373031245,0.3356962915354163,0.3395718152598553,0.09892953814963833,0.20556094884173945,0.2639023721043486,0.02691325138315747,0.1152208563859578,565876.010222866,194
-93.7326530612245,31.577551020408166,-9618.937679617293,0.5396458932057645,4.916925457869754,0.4861542429782922,0.3911385690012909,0.3037952300043031,67.68937805626369,0.11792918704175792,0.5064756355459252,0.5161890888648132,0.28378368840289125,0.4594592210072282,0.058515814714525355,0.6419302452420893,350847.64105379756,195
-94.04489795918367,32.54897959183673,-9280.892321873649,0.42696410729121603,3.7167261187173364,0.28612101978622273,0.35683966092866964,0.18946553642889885,130.9429895459432,0.539619930306288,0.3167139636064539,0.04178490901613473,0.2798199634655596,0.4495499086638989,0.0499502011700107,0.4991700195001783,360032.3837247444,196
-93.2469387755102,32.410204081632656,-8488.798320008134,0.16293277333604483,2.110051938490888,0.018341989748481356,0.3032867296382723,0.010955765460907626,143.1329902131136,0.6208866014207575,0.45031015363389704,0.37577538408474265,0.2717950414621602,0.4294876036554005,0.048827255606519154,0.4804542601086526,253907.23604114007,197
-93.48979591836735,32.72244897959184,-8581.505823523028,0.1938352745076762,2.2281066053611838,0.038017767560197306,0.3036969155866231,0.012323051955410419,169.09292962882165,0.7939528641921443,0.39168736936176884,0.2292184234044222,0.3182126465536111,0.5455316163840277,0.049096083760523684,0.4849347293420614,302806.84610014636,198
-94.32244897959183,32.79183673469388,-9365.892380230773,0.45529746007692456,3.4334243697330553,0.23890406162217592,0.33671040965120164,0.12236803217067223,126.39252748979332,0.5092835165986221,0.3028973261108011,0.007243315277002758,0.2895789884568628,0.473947471142157,0.04602154439429822,0.4336924065716369,346786.41332195397,199
-93.14285714285715,32.09795918367347,-8539.811366696194,0.1799371222320647,2.343096403352419,0.05718273389206983,0.303657471947795,0.012191573159316805,151.8027710747104,0.6786851404980692,0.513872543303576,0.5346813582589401,0.3351990397141314,0.5879975992853285,0.05616476929064837,0.6027461548441395,286761.0817020027,200
